Product,Multiday,Order_Sequence,Ship_Date,Real_Packaging_Date,Real_Packaging,Real_Gramming_Date,Real_Graming,Label_Packaging_Date,LOT,QTY (#Units),Client,GTIN,Legion of Hart
R,N,62,2025-01-08,2024-06-03,40,2024-06-02,40,2024-06-03,EX24STRO40,40,Wildwood Flowr Inc.,NA,NA
R,N,1,2024-11-25,2024-08-09,300,2024-08-09,300,2024-08-13,LJSH240705,300,ABBA,6.28942E+11,NA
G,N,5,2024-11-27,2024-08-13,684,2024-08-10,684,2024-08-13,LJSH240705,684,CNB,6.28942E+11,NA
R,N,171,2025-03-03,2024-10-21,80,2024-10-21,80,2024-10-25,EX24STR040,80,Wildwood Flowr Inc.,NA,NA
R,N,281,2025-05-08,2024-10-21,120,2024-10-21,120,2024-10-25,EX24STR040,120,Wildwood Flowr Inc.,NA,NA
R,Y,6,2024-11-27,2024-11-01,540,2024-11-01,540,2024-11-01,LJSH240705,540,CNB,6.28942E+11,NA
R,N,7,2024-11-27,2024-11-01,480,2024-11-01,480,2024-11-01,LJSH240705,480,CNB,6.28942E+11,NA
G,Y,25,2024-12-04,2024-11-01,720,2024-11-01,720,2024-11-01,LJSH240705,720,CNB,6.28942E+11,NA
G,Y,26,2024-12-04,2024-11-01,720,2024-11-01,720,2024-11-01,LJSH240705,720,CNB,6.28942E+11,NA
G,N,29,2024-12-05,2024-11-01,180,2024-11-01,180,2024-11-01,LJSH240705,180,PEI Cannabis Management Corp.,6.28942E+11,NA
G,y,33,2024-12-10,2024-11-01,1500,2024-11-01,1500,2024-11-01,LJSH240705,1500,ABBA,6.28942E+11,NA
R,N,2,2024-11-25,2024-11-02,158,2024-11-02,158,2024-11-06,P-102,150,ABBA,6.28942E+11,NA
R,Y,27,2024-12-04,2024-11-03,360,2024-11-03,360,2024-11-06,P-121,360,CNB,6.28942E+11,NA
R,N,38,2024-12-12,2024-11-04,300,2024-11-04,300,2024-11-06,P-102,300,Medicibis,6.28942E+11,NA
R,N,40,2024-12-13,2024-11-05,300,2024-11-05,300,2024-11-06,P-120,300,Medicibis,6.28942E+11,NA
R,N,48,2024-12-29,2024-11-02,0,2024-11-02,0,2024-11-06,P-102,8,Teedy,6.28942E+11,NA
R,N,49,2024-12-29,2024-11-09,36,2024-11-08,36,2024-11-09,P-120,36,Teedy,6.28942E+11,NA
R,N,12,2024-11-29,2024-11-15,204,2024-11-14,204,2024-11-15,P-112,156,Messagers,8.43866E+11,NA
R,N,36,2024-12-11,2024-11-15,0,2024-11-14,0,2024-11-15,P-112,24,Messagers,8.43866E+11,NA
R,N,37,2024-12-11,2024-11-15,0,2024-11-14,0,2024-11-15,P-112,24,Messagers,8.43866E+11,NA
R,N,3,2024-11-25,2024-11-21,150,2024-11-20,150,2024-11-21,P-116,150,ABBA,6.28942E+11,NA
R,N,4,2024-11-25,2024-11-21,300,2024-11-20,300,2024-11-21,P-120,300,ABBA,9.90479E+11,NA
R,N,8,2024-11-27,2024-11-22,174,2024-11-21,174,2024-11-22,P-117,174,CNB,6.28942E+11,NA
R,N,9,2024-11-27,2024-11-26,360,2024-11-22,360,2024-11-26,P-121,360,CNB,6.28942E+11,NA
R,N,10,2024-11-27,2024-11-27,102,2024-11-23,102,2024-11-27,P-119,102,CNB,6.28942E+11,NA
R,N,11,2024-11-27,2024-11-27,84,2024-11-23,84,2024-11-27,P-119,84,CNB,6.28942E+11,NA
R,N,13,2024-11-29,2024-11-25,288,2024-11-25,288,2024-11-29,P-102,288,Messagers,8.43866E+11,NA
R,N,14,2024-11-29,2024-11-25,12,2024-11-25,12,2024-11-29,P-102,12,Messagers,8.43866E+11,NA
R,N,15,2024-11-29,2024-11-25,12,2024-11-25,12,2024-11-29,P-102,12,Messagers,8.43866E+11,NA
R,Y,16,2024-11-29,2024-11-28,114,2024-11-28,114,2024-11-29,P-120,306,Messagers,8.43866E+11,NA
R,Y,16,2024-11-29,2024-11-29,192,2024-11-29,192,2024-11-29,P-120,306,Messagers,8.43866E+11,NA
R,N,17,2024-11-29,2024-11-28,42,2024-11-26,42,2024-11-29,P-119,42,Messagers,8.43866E+11,NA
R,N,18,2024-11-29,2024-11-28,294,2024-11-26,294,2024-11-29,P-119,294,Messagers,8.43866E+11,NA
R,Y,19,2024-11-29,2024-11-28,90,2024-11-27,90,2024-11-29,P-119,294,Messagers,8.43866E+11,NA
R,Y,19,2024-11-29,2024-11-28,204,2024-11-27,204,2024-11-29,P-119,294,Messagers,8.43866E+11,NA
R,N,21,2024-12-03,2024-11-29,336,2024-11-28,336,2024-11-29,P-120,336,Messagers,8.43866E+11,NA
R,Y,22,2024-12-03,2024-11-29,258,2024-11-29,258,2024-11-29,P-120,336,Messagers,8.43866E+11,NA
R,Y,22,2024-12-03,2024-11-30,78,2024-11-30,78,2024-11-29,P-120,336,Messagers,8.43866E+11,NA
R,Y,23,2024-12-03,2024-11-30,150,2024-11-25,150,2024-11-29,P-102,300,Messagers,8.43866E+11,NA
R,Y,23,2024-12-03,2024-12-02,150,2024-12-02,150,2024-11-29,P-102,300,Messagers,8.43866E+11,NA
R,N,24,2024-12-03,2024-11-30,300,2024-11-30,300,2024-11-29,P-102,300,Messagers,8.43866E+11,NA
R,N,28,2024-12-04,2024-12-01,360,2024-12-01,360,2024-11-29,P-119,360,CNB,6.28942E+11,NA
R,N,32,2024-12-09,2024-12-02,300,2024-12-02,300,2024-11-29,P-102,300,Messagers,8.43866E+11,NA
R,N,44,2024-12-19,2024-12-01,144,2024-12-01,144,2024-11-29,P-102,144,Messagers,8.43866E+11,NA
R,N,46,2024-12-23,2024-11-30,50,2024-11-30,50,2024-11-29,P-119,50,Aqualitas Inc. ,6.28942E+11,NA
R,N,50,2024-12-29,2024-11-30,26,2024-11-30,26,2024-11-29,P-119,26,Teedy,6.28942E+11,NA
R,N,20,2024-12-02,2024-12-02,60,2024-12-02,60,2024-12-02,P-123,60,NSLC,6.28942E+11,NA
R,N,56,2024-12-30,2024-12-03,90,2024-12-03,90,2024-12-02,P-123,90,NSLC,6.28942E+11,NA
R,N,74,2025-01-13,2024-12-03,60,2024-12-03,60,2024-12-02,P-123,60,NSLC,6.28942E+11,NA
R,N,30,2024-12-05,2024-12-03,200,2024-12-03,200,2024-12-04,P-121,200,ABBA,9.90479E+11,NA
R,Y,31,2024-12-05,2024-12-04,150,2024-12-04,150,2024-12-04,P-123,200,ABBA,9.90479E+11,NA
R,Y,31,2024-12-05,2024-12-05,50,2024-12-05,50,2024-12-04,P-123,200,ABBA,9.90479E+11,NA
R,N,39,2024-12-12,2024-12-04,300,2024-12-04,300,2024-12-04,P-121,300,Medicibis,9.90479E+11,NA
R,N,41,2024-12-13,2024-12-05,300,2024-12-05,300,2024-12-04,P-123,300,Medicibis,9.90479E+11,NA
R,N,51,2024-12-29,2024-12-03,36,2024-12-03,36,2024-12-04,P-121,36,Teedy,9.90479E+11,NA
R,N,52,2024-12-29,2024-12-05,36,2024-12-05,36,2024-12-04,P-123,36,Teedy,9.90479E+11,NA
R,N,42,2024-12-13,2024-12-06,104,2024-12-06,104,2024-12-09,P-116,104,Medicibis,6.28942E+11,NA
R,N,53,2024-12-29,2024-12-06,24,2024-12-06,24,2024-12-09,P-116,24,Teedy,6.28942E+11,NA
R,N,107,2025-02-04,2024-12-06,42,2024-12-06,42,2024-12-09,P-116,42,14514181 Canada Ltd,6.28942E+11,NA
R,N,34,2024-12-10,2024-12-07,150,2024-12-07,150,2024-12-10,P-122,150,Medicibis,9.90479E+11,Y
R,N,35,2024-12-10,2024-12-08,150,2024-12-08,150,2024-12-10,P-124,150,Medicibis,9.90479E+11,Y
R,N,47,2024-12-23,2024-12-07,50,2024-12-07,50,2024-12-10,P-122,50,Aqualitas Inc. ,9.90479E+11,NA
R,N,54,2024-12-29,2024-12-07,48,2024-12-07,48,2024-12-10,P-122,48,Teedy,9.90479E+11,NA
R,N,45,2024-12-19,2024-12-14,300,2024-12-14,300,2024-12-17,P-124,300,Messagers,8.43866E+11,NA
R,N,55,2024-12-29,2024-12-15,48,2024-12-15,48,2024-12-17,P-124,48,Teedy,6.28942E+11,NA
R,N,82,2025-01-22,2024-12-15,60,2024-12-15,60,2024-12-17,P-124,60,14514181 Canada Ltd,6.28942E+11,NA
R,N,123,2025-02-07,2024-12-15,60,2024-12-15,60,2024-12-17,P-124,60,14514181 Canada Ltd,6.28942E+11,NA
R,N,43,2024-12-19,2024-12-17,216,2024-12-17,216,2024-12-18,P-112,216,Messagers,8.43866E+11,NA
R,N,57,2024-12-30,2024-12-18,30,2024-12-18,30,2024-12-20,P-129,30,NSLC,6.28942E+11,NA
R,N,63,2025-01-08,2024-12-18,90,2024-12-18,90,2024-12-20,P-123,90,14514181 Canada Ltd,6.28942E+11,NA
R,N,64,2025-01-08,2024-12-18,84,2024-12-18,84,2024-12-20,P-129,84,14514181 Canada Ltd,6.28942E+11,NA
R,N,75,2025-01-13,2024-12-18,150,2024-12-18,150,2024-12-20,P-129,150,NSLC,6.28942E+11,NA
R,Y,88,2025-01-27,2024-12-19,450,2024-12-19,450,2024-12-20,P-123,504,CNB,6.28942E+11,NA
R,Y,88,2025-01-27,2024-12-18,54,2024-12-18,54,2024-12-20,P-123,504,CNB,6.28942E+11,NA
R,N,58,2025-01-06,2025-01-02,270,2025-01-02,270,2025-01-06,P-120,270,Messagers,8.43866E+11,NA
R,N,59,2025-01-06,2025-01-03,270,2025-01-03,270,2025-01-06,P-120,270,Messagers,8.43866E+11,NA
R,N,60,2025-01-06,2025-01-04,318,2025-01-04,318,2025-01-06,P-120,318,Messagers,8.43866E+11,NA
R,N,61,2025-01-06,2025-01-05,318,2025-01-05,318,2025-01-06,P-120,318,Messagers,8.43866E+11,NA
R,N,65,2025-01-08,2025-01-02,72,2025-01-02,72,2025-01-06,P-120,72,14514181 Canada Ltd,6.28942E+11,NA
R,N,66,2025-01-08,2025-01-03,90,2025-01-03,90,2025-01-06,P-121,90,14514181 Canada Ltd,6.28942E+11,NA
R,N,89,2025-01-27,2025-01-06,384,2025-01-06,384,2025-01-06,P-121,384,CNB,6.28942E+11,NA
R,N,108,2025-02-04,2025-01-04,36,2025-01-04,36,2025-01-06,P-120,36,14514181 Canada Ltd,6.28942E+11,NA
R,N,67,2025-01-08,2025-01-05,10,2025-01-05,10,2025-01-08,P-124,10,Stewart's Vertical Farms Inc.,NA,NA
R,N,68,2025-01-08,2025-01-05,10,2025-01-05,10,2025-01-08,P-120,10,Wildwood Flowr Inc.,NA,NA
R,N,69,2025-01-08,2025-01-05,10,2025-01-05,10,2025-01-08,P-121,10,Wildwood Flowr Inc.,NA,NA
R,N,70,2025-01-08,2025-01-05,10,2025-01-05,10,2025-01-08,P-123,10,Wildwood Flowr Inc.,NA,NA
R,N,71,2025-01-08,2025-01-05,10,2025-01-05,10,2025-01-08,P-119,10,Wildwood Flowr Inc.,NA,NA
R,N,72,2025-01-08,2025-01-05,10,2025-01-05,10,2025-01-08,P-122,10,Wildwood Flowr Inc.,NA,NA
R,N,73,2025-01-09,2025-01-08,252,2025-01-08,252,2025-01-10,P-124,252,Messagers,8.43866E+11,N
R,N,125,2025-02-11,2025-01-09,240,2025-01-09,240,2025-01-10,P-121,240,Medicibis,6.28942E+11,NA
R,N,76,2025-01-17,2025-01-13,270,2025-01-13,270,2025-01-17,P-120,270,Messagers,8.43866E+11,NA
R,N,77,2025-01-17,2025-01-14,282,2025-01-14,282,2025-01-17,P-124,282,Messagers,8.43866E+11,NA
R,N,78,2025-01-17,2025-01-13,90,2025-01-13,90,2025-01-17,P-120,90,Messagers,8.43866E+11,NA
R,N,110,2025-02-06,2025-01-14,84,2025-01-14,84,2025-01-17,P-120,84,Messagers,8.43866E+11,NA
G,N,81,2025-01-20,2025-01-20,2520.22,2025-01-20,2520.22,2025-01-20,P-125,2520.22,Elevate Wellness Inc,NA,NA
R,N,83,2025-01-22,2025-01-17,60,2025-01-17,60,2025-01-20,P-122,60,14514181 Canada Ltd,6.28942E+11,NA
R,N,90,2025-01-28,2025-01-17,120,2025-01-17,120,2025-01-20,P-123,120,NSLC,6.28942E+11,NA
R,N,91,2025-01-28,2025-01-18,60,2025-01-18,60,2025-01-20,P-133,60,NSLC,6.28942E+11,NA
R,N,124,2025-02-07,2025-01-17,60,2025-01-17,60,2025-01-20,P-122,60,14514181 Canada Ltd,6.28942E+11,NA
R,N,126,2025-02-11,2025-01-18,240,2025-01-18,240,2025-01-20,P-133,240,Medicibis,6.28942E+11,NA
R,N,137,2025-02-14,2025-01-18,150,2025-01-18,150,2025-01-20,P-133,150,NSLC,6.28942E+11,NA
R,N,142,2025-02-18,2025-01-19,60,2025-01-19,60,2025-01-20,P-133,60,PEI Cannabis Management Corp.,6.28942E+11,NA
R,N,148,2025-02-21,2025-01-17,90,2025-01-17,90,2025-01-20,P-122,90,14514181 Canada Ltd,6.28942E+11,NA
R,N,154,2025-02-24,2025-01-17,24,2025-01-17,24,2025-01-20,P-133,24,Entreprise Teedy Inc.,6.28942E+11,NA
R,N,160,2025-02-26,2025-01-19,180,2025-01-19,180,2025-01-20,P-133,180,PEI Cannabis Management Corp.,6.28942E+11,NA
R,N,377,2025-07-09,2025-01-19,180,2025-01-19,180,2025-01-20,P-133,180,PEI Cannabis Management Corp.,6.28942E+11,NA
R,N,79,2025-01-17,2025-01-16,288,2025-01-16,288,2025-01-21,P-121,288,Messagers,8.43866E+11,NA
R,N,80,2025-01-17,2025-01-16,72,2025-01-16,72,2025-01-21,P-121,72,Messagers,8.43866E+11,NA
R,N,87,2025-01-23,2025-01-21,360,2025-01-21,360,2025-01-21,P-121,360,Messagers,8.43866E+11,NA
R,N,111,2025-02-06,2025-01-22,300,2025-01-22,300,2025-01-21,P-121,300,Messagers,8.43866E+11,NA
R,N,84,2025-01-22,2025-01-22,15,2025-01-22,15,2025-01-22,P-129,15,Wildwood Flowr Inc.,NA,NA
R,N,85,2025-01-22,2025-01-22,15,2025-01-22,15,2025-01-22,P-133,15,Wildwood Flowr Inc.,NA,NA
R,N,86,2025-01-22,2025-01-22,15,2025-01-22,15,2025-01-22,P-124,15,Wildwood Flowr Inc.,NA,NA
R,N,100,2025-02-03,2025-01-24,36,2025-01-24,36,2025-01-28,P-120,36,The Green Moon,9.90479E+11,NA
R,N,101,2025-02-03,2025-01-24,36,2025-01-24,36,2025-01-28,P-121,36,The Green Moon,9.90479E+11,NA
R,N,102,2025-02-03,2025-01-24,36,2025-01-24,36,2025-01-28,P-129,36,The Green Moon,9.90479E+11,NA
R,N,103,2025-02-03,2025-01-24,36,2025-01-24,36,2025-01-28,P-133,36,The Green Moon,9.90479E+11,NA
R,N,104,2025-02-03,2025-01-24,36,2025-01-24,36,2025-01-28,P-123,36,The Green Moon,9.90479E+11,NA
R,N,105,2025-02-03,2025-01-24,18,2025-01-24,18,2025-01-28,P-122,18,The Green Moon,9.90479E+11,NA
R,N,129,2025-02-13,2025-01-25,400,2025-01-25,400,2025-01-28,P-122,400,Abba Medix Corp,9.90479E+11,NA
R,N,166,2025-02-27,2025-01-24,100,2025-01-24,100,2025-01-28,P-124,100,Aqualitas Inc. ,9.90479E+11,NA
R,N,95,2025-01-31,2025-01-27,270,2025-01-27,270,2025-01-29,P-124,270,Messagers,8.43866E+11,NA
R,N,96,2025-01-31,2025-01-28,192,2025-01-28,192,2025-01-29,P-124,192,Messagers,8.43866E+11,NA
R,N,106,2025-02-03,2025-01-27,18,2025-01-27,18,2025-01-29,P-124,18,The Green Moon,9.90479E+11,NA
R,N,109,2025-02-04,2025-01-31,90,2025-01-31,90,2025-02-03,P-133,90,14514181 Canada Ltd,6.28942E+11,NA
R,N,112,2025-02-06,2025-02-04,120,2025-02-04,120,2025-02-05,P-132,120,Messagers,8.43866E+11,NA
R,N,134,2025-02-14,2025-02-05,60,2025-02-05,60,2025-02-05,P-132,60,Messagers,8.43866E+11,NA
R,N,149,2025-02-21,2025-02-05,36,2025-02-05,36,2025-02-05,P-132,36,Messagers,8.43866E+11,NA
R,N,168,2025-02-28,2025-02-05,252,2025-02-05,252,2025-02-05,P-132,252,Messagers,8.43866E+11,NA
G,N,97,2025-01-31,2025-02-06,1855,2025-02-06,1855,2025-02-06,LJSH250106,1855,Elevate Wellness Inc,NA,NA
G,N,98,2025-01-31,2025-02-06,1810,2025-02-06,1810,2025-02-06,LJSH250106,1810,Elevate Wellness Inc,NA,NA
G,N,99,2025-01-31,2025-02-06,439,2025-02-06,439,2025-02-06,LJSH250106,439,Elevate Wellness Inc,NA,NA
G,N,155,2025-02-24,2025-02-06,100,2025-02-06,100,2025-02-06,LJSH20250106,100,Entreprise Teedy Inc.,6.28942E+11,NA
G,N,161,2025-02-26,2025-02-06,300,2025-02-06,300,2025-02-06,LJSH20250106,300,PEI Cannabis Management Corp.,6.28942E+11,NA
G,N,186,2025-03-07,2025-02-06,396,2025-02-06,396,2025-02-06,LJSH250106,396,14514181 Canada Ltd,6.28942E+11,NA
G,N,191,2025-03-13,2025-02-06,300,2025-02-06,300,2025-02-06,LJSH250106,300,Medicibis,6.28942E+11,NA
G,N,212,2025-03-24,2025-02-06,180,2025-02-06,180,2025-02-06,LJSH250106,180,NCD Warehouse,6.28942E+11,NA
G,N,240,2025-04-02,2025-02-06,60,2025-02-06,60,2025-02-06,LJSH250106,60,Optimus Cannabis Inc,6.28942E+11,NA
G,N,339,2025-06-11,2025-02-06,300,2025-02-06,300,2025-02-06,LJSH250106,300,Medicibis,6.28942E+11,NA
G,N,380,2025-07-09,2025-02-06,300,2025-02-06,300,2025-02-06,LJSH20250106,300,PEI Cannabis Management Corp.,6.28942E+11,NA
R,N,127,2025-02-11,2025-02-07,240,2025-02-07,240,2025-02-07,P-129,240,Medicibis,6.28942E+11,NA
R,N,128,2025-02-11,2025-02-08,240,2025-02-08,240,2025-02-07,P-123,240,Medicibis,9.90479E+11,NA
R,Y,130,2025-02-13,2025-02-08,90,2025-02-08,90,2025-02-07,P-123,200,Abba Medix Corp,9.90479E+11,NA
R,Y,130,2025-02-13,2025-02-09,110,2025-02-09,110,2025-02-07,P-123,200,Abba Medix Corp,9.90479E+11,NA
R,N,138,2025-02-14,2025-02-07,30,2025-02-07,30,2025-02-07,P-129,30,NSLC,6.28942E+11,NA
R,Y,139,2025-02-14,2025-02-07,150,2025-02-07,150,2025-02-07,P-129,270,NSLC,6.28942E+11,NA
R,Y,139,2025-02-14,2025-02-08,120,2025-02-08,120,2025-02-07,P-129,270,NSLC,6.28942E+11,NA
R,N,156,2025-02-24,2025-02-07,24,2025-02-07,24,2025-02-07,P-129,24,Entreprise Teedy Inc.,6.28942E+11,NA
R,N,131,2025-02-13,2025-02-10,200,2025-02-10,200,2025-02-12,P-121,200,Abba Medix Corp,9.90479E+11,NA
R,N,132,2025-02-13,2025-02-10,84,2025-02-10,84,2025-02-12,P-120,84,Abba Medix Corp,9.90479E+11,NA
R,Y,133,2025-02-13,2025-02-10,166,2025-02-10,166,2025-02-12,P-124,400,Abba Medix Corp,9.90479E+11,NA
R,Y,133,2025-02-13,2025-02-11,234,2025-02-11,234,2025-02-12,P-124,400,Abba Medix Corp,9.90479E+11,NA
R,N,167,2025-02-27,2025-02-11,100,2025-02-11,100,2025-02-12,P-122,100,Aqualitas Inc. ,9.90479E+11,NA
R,N,140,2025-02-14,2025-02-12,192,2025-02-12,192,2025-02-13,P-121,192,Messagers,8.43866E+11,NA
R,N,141,2025-02-14,2025-02-12,60,2025-02-12,60,2025-02-13,P-123,60,NSLC,6.28942E+11,NA
R,N,158,2025-02-25,2025-02-12,210,2025-02-12,210,2025-02-13,P-123,210,NSLC,6.28942E+11,Y
R,N,135,2025-02-14,2025-02-13,168,2025-02-13,168,2025-02-14,P-133,168,Messagers,8.43866E+11,NA
R,Y,136,2025-02-14,2025-02-13,282,2025-02-13,282,2025-02-14,P-137,360,Messagers,8.43866E+11,NA
R,Y,136,2025-02-14,2025-02-14,78,2025-02-14,78,2025-02-14,P-137,360,Messagers,8.43866E+11,NA
R,N,150,2025-02-21,2025-02-14,216,2025-02-14,216,2025-02-14,P-137,216,Messagers,8.43866E+11,NA
R,N,169,2025-02-28,2025-02-14,180,2025-02-14,180,2025-02-14,P-137,180,Messagers,8.43866E+11,NA
R,N,143,2025-02-18,2025-02-14,60,2025-02-14,60,2025-02-18,P-129,60,PEI Cannabis Management Corp.,6.28942E+11,NA
R,N,147,2025-02-19,2025-02-15,300,2025-02-15,300,2025-02-18,P-137,300,Abba Medix Corp,6.28942E+11,NA
R,Y,151,2025-02-21,2025-02-16,450,2025-02-16,450,2025-02-19,P-129,804,Messagers,8.43866E+11,NA
R,Y,151,2025-02-21,2025-02-17,450,2025-02-17,450,2025-02-19,P-129,804,Messagers,8.43866E+11,
R,N,187,2025-03-07,2025-02-18,282,2025-02-18,282,2025-02-19,P-129,378,Messagers,8.43866E+11,NA
R,N,152,2025-02-21,2025-02-19,90,2025-02-19,90,2025-02-20,P-124,90,14514181 Canada Ltd,6.28942E+11,NA
R,N,153,2025-02-21,2025-02-18,120,2025-02-18,120,2025-02-20,P-133,120,Messagers,8.43866E+11,NA
R,N,157,2025-02-24,2025-02-18,12,2025-02-18,12,2025-02-20,P-124,12,Entreprise Teedy Inc.,6.28942E+11,NA
R,N,170,2025-02-28,2025-02-19,84,2025-02-19,84,2025-02-20,P-133,84,Messagers,8.43866E+11,NA
R,N,174,2025-03-06,2025-02-19,240,2025-02-19,240,2025-02-20,P-124,240,CNB,6.28942E+11,NA
G,N,175,2025-03-06,2025-02-20,1200,2025-02-20,1200,2025-02-20,EX24STR040,1200,CNB,6.28942E+11,NA
G,N,211,2025-03-21,2025-02-20,2352,2025-02-20,2352,2025-02-20,EX24STR040,2352,CNB,6.28942E+11,NA
R,N,159,2025-02-25,2025-02-21,60,2025-02-21,60,2025-02-24,P-134,60,NSLC,6.28942E+11,Y
R,N,188,2025-03-07,2025-02-21,60,2025-02-21,60,2025-02-24,P-134,60,14514181 Canada Ltd,6.28942E+11,NA
R,N,192,2025-03-13,2025-02-21,300,2025-02-21,300,2025-02-24,P-134,300,Medicibis,6.28942E+11,NA
R,N,162,2025-02-26,2025-02-24,132,2025-02-24,132,2025-02-25,P-129,132,PEI Cannabis Management Corp.,6.28942E+11,NA
R,N,163,2025-02-26,2025-02-24,108,2025-02-24,108,2025-02-25,P-129,108,PEI Cannabis Management Corp.,6.28942E+11,NA
R,N,378,2025-07-09,2025-02-24,132,2025-02-24,132,2025-02-25,P-129,132,PEI Cannabis Management Corp.,6.28942E+11,NA
R,N,379,2025-07-09,2025-02-25,108,2025-02-25,108,2025-02-25,P-129,108,PEI Cannabis Management Corp.,6.28942E+11,NA
R,N,172,2025-03-03,2025-03-03,12,2025-03-03,12,2025-03-03,P-134,12,Wildwood Flowr Inc.,NA,NA
R,N,173,2025-03-03,2025-03-03,12,2025-03-03,12,2025-03-03,P-135,12,Wildwood Flowr Inc.,NA,NA
R,Y,176,2025-03-06,2025-03-03,326,2025-03-03,326,2025-03-04,P-135,888,CNB,6.28942E+11,NA
R,Y,176,2025-03-06,2025-03-04,390,2025-03-04,390,2025-03-04,P-135,888,CNB,6.28942E+11,NA
R,Y,176,2025-03-06,2025-03-06,172,2025-03-06,172,2025-03-04,P-135,888,CNB,6.28942E+11,NA
R,N,189,2025-03-07,2025-03-04,60,2025-03-04,60,2025-03-04,P-135,60,14514181 Canada Ltd,6.28942E+11,NA
R,N,193,2025-03-13,2025-03-05,300,2025-03-05,300,2025-03-04,P-135,300,Medicibis,6.28942E+11,NA
R,N,197,2025-03-14,2025-03-06,180,2025-03-06,180,2025-03-04,P-135,180,NSLC,6.28942E+11,NA
R,N,194,2025-03-13,2025-03-07,73,2025-03-07,73,2025-03-10,P-138,73,Medicibis,6.28942E+11,NA
R,N,195,2025-03-13,2025-03-07,227,2025-03-07,227,2025-03-10,P-138,227,Medicibis,6.28942E+11,NA
R,N,196,2025-03-13,2025-03-10,300,2025-03-10,300,2025-03-10,P-137,300,Medicibis,6.28942E+11,NA
R,N,198,2025-03-14,2025-03-11,162,2025-03-11,162,2025-03-13,P-123,162,NSLC,6.28942E+11,NA
R,N,199,2025-03-14,2025-03-11,6,2025-03-11,6,2025-03-13,P-132,6,NSLC,6.28942E+11,NA
R,N,200,2025-03-14,2025-03-14,24,2025-03-14,24,2025-03-14,EX24STR040,24,Messagers,8.43866E+11,NA
R,N,203,2025-03-19,2025-03-14,18,2025-03-14,18,2025-03-17,P-129,18,The Green Moon,9.90479E+11,NA
R,N,204,2025-03-19,2025-03-14,18,2025-03-14,18,2025-03-17,P-133,18,The Green Moon,9.90479E+11,NA
R,N,205,2025-03-19,2025-03-14,18,2025-03-14,18,2025-03-17,P-132,18,The Green Moon,9.90479E+11,NA
R,N,206,2025-03-19,2025-03-14,36,2025-03-14,36,2025-03-17,P-134,36,The Green Moon,9.90479E+11,NA
R,N,207,2025-03-19,2025-03-14,36,2025-03-14,36,2025-03-17,P-135,36,The Green Moon,9.90479E+11,NA
R,N,208,2025-03-19,2025-03-14,36,2025-03-14,36,2025-03-17,P-138,36,The Green Moon,9.90479E+11,NA
R,N,213,2025-03-24,2025-03-14,120,2025-03-14,120,2025-03-17,P-132,120,NCD Warehouse,9.90479E+11,NA
R,N,214,2025-03-24,2025-03-14,120,2025-03-14,120,2025-03-17,P-134,120,NCD Warehouse,9.90479E+11,NA
R,N,215,2025-03-24,2025-03-17,120,2025-03-17,120,2025-03-17,P-135,120,NCD Warehouse,9.90479E+11,NA
R,N,216,2025-03-24,2025-03-17,120,2025-03-17,120,2025-03-17,P-138,120,NCD Warehouse,9.90479E+11,NA
R,N,222,2025-03-31,2025-03-17,24,2025-03-17,24,2025-03-17,P-135,24,RAYN CULTIVATION INC.,9.90479E+11,NA
R,N,223,2025-03-31,2025-03-17,24,2025-03-17,24,2025-03-17,P-129,24,RAYN CULTIVATION INC.,9.90479E+11,NA
R,N,224,2025-03-31,2025-03-17,24,2025-03-17,24,2025-03-17,P-138,24,RAYN CULTIVATION INC.,9.90479E+11,NA
R,N,225,2025-03-31,2025-03-17,24,2025-03-17,24,2025-03-17,P-132,24,RAYN CULTIVATION INC.,9.90479E+11,NA
R,N,210,2025-03-20,2025-03-18,180,2025-03-18,180,2025-03-18,P-138,180,NSLC,6.28942E+11,NA
R,N,217,2025-03-24,2025-03-18,120,2025-03-18,120,2025-03-19,P-124,120,NCD Warehouse,9.90479E+11,NA
R,N,201,2025-03-14,2025-03-21,12,2025-03-21,12,2025-03-24,P-123,12,NSLC,6.28942E+11,NA
R,N,202,2025-03-14,2025-03-14,12,2025-03-14,12,2025-03-24,P-123,12,NSLC,6.28942E+11,NA
R,N,226,2025-03-31,2025-03-21,24,2025-03-21,24,2025-03-24,P-133,24,RAYN CULTIVATION INC.,9.90479E+11,NA
R,N,235,2025-04-01,2025-03-21,200,2025-03-21,200,2025-03-24,P-116,200,Medicibis,6.28942E+11,NA
R,N,236,2025-04-01,2025-03-21,200,2025-03-21,200,2025-03-24,P-132,200,Medicibis,9.90479E+11,NA
R,N,237,2025-04-01,2025-03-22,48,2025-03-22,48,2025-03-24,P-104,48,Medicibis,6.28942E+11,NA
R,N,218,2025-03-25,2025-03-24,108,2025-03-24,108,2025-03-25,P-137,108,Messagers,8.43866E+11,NA
R,N,219,2025-03-26,2025-03-24,100,2025-03-24,100,2025-03-25,P-119,100,Aqualitas Inc. ,6.28942E+11,NA
R,N,220,2025-03-28,2025-03-25,24,2025-03-25,24,2025-03-25,P-137,24,Messagers,8.43866E+11,NA
R,N,221,2025-03-28,2025-03-24,210,2025-03-24,210,2025-03-25,P-135,210,NSLC,9.90479E+11,NA
R,N,227,2025-03-31,2025-03-25,24,2025-03-25,24,2025-03-25,P-119,24,RAYN CULTIVATION INC.,6.28942E+11,NA
R,N,241,2025-04-02,2025-03-25,24,2025-03-25,24,2025-03-27,P-134,24,Optimus Cannabis Inc,9.90479E+11,NA
R,N,242,2025-04-02,2025-03-25,24,2025-03-25,24,2025-03-27,P-138,24,Optimus Cannabis Inc,9.90479E+11,NA
R,N,243,2025-04-02,2025-03-25,24,2025-03-25,24,2025-03-27,P-135,24,Optimus Cannabis Inc,9.90479E+11,NA
R,N,228,2025-03-31,2025-03-25,24,2025-03-25,24,2025-03-28,P-124,24,RAYN CULTIVATION INC.,9.90479E+11,NA
R,N,229,2025-03-31,2025-03-25,30,2025-03-25,30,2025-03-31,P-124,30,Stewart's Vertical Farms Inc.,NA,NA
R,N,230,2025-03-31,2025-03-25,30,2025-03-25,30,2025-03-31,P-122,30,Stewart's Vertical Farms Inc.,NA,NA
R,N,231,2025-03-31,2025-03-28,80,2025-03-28,80,2025-03-31,EX24STR040,80,Stewart's Vertical Farms Inc.,NA,NA
R,N,232,2025-03-31,2025-03-28,10,2025-03-28,10,2025-03-31,P-133,10,Stewart's Vertical Farms Inc.,NA,NA
R,N,233,2025-03-31,2025-03-28,10,2025-03-28,10,2025-03-31,P-135,10,Stewart's Vertical Farms Inc.,NA,NA
R,N,234,2025-03-31,2025-03-28,10,2025-03-28,10,2025-03-31,P-138,10,Stewart's Vertical Farms Inc.,NA,NA
R,N,238,2025-04-01,2025-03-31,48,2025-03-31,48,2025-04-01,P-137,48,Messagers,8.43866E+11,NA
R,N,239,2025-04-01,2025-03-31,48,2025-03-31,48,2025-04-01,P-133,48,Messagers,8.43866E+11,NA
R,N,244,2025-04-04,2025-03-31,360,2025-03-31,360,2025-04-03,P-137,360,Messagers,8.43866E+11,NA
R,N,245,2025-04-04,2025-04-01,360,2025-04-01,360,2025-04-03,P-133,360,Messagers,8.43866E+11,NA
R,N,246,2025-04-04,2025-04-01,36,2025-04-01,36,2025-04-03,P-132,36,Messagers,8.43866E+11,NA
R,N,254,2025-04-16,2025-04-01,60,2025-04-01,60,2025-04-03,P-132,60,Messagers,8.43866E+11,NA
R,N,247,2025-04-10,2025-04-04,300,2025-04-04,300,2025-04-07,P-138,300,NSLC,9.90479E+11,NA
R,N,248,2025-04-10,2025-04-04,60,2025-04-04,60,2025-04-07,P-134,60,NSLC,6.28942E+11,NA
R,N,249,2025-04-10,2025-04-07,78,2025-04-07,78,2025-04-09,P-129,78,Messagers,8.43866E+11,NA
R,N,257,2025-04-22,2025-04-07,240,2025-04-07,240,2025-04-09,P-139,240,NSLC,6.28942E+11,NA
R,N,251,2025-04-11,2025-04-07,20,2025-04-07,20,2025-04-11,P-119,20,Eco Canadian Organic,NA,NA
R,N,255,2025-04-16,2025-04-11,144,2025-04-11,144,2025-04-15,P-119,144,Messagers,8.43866E+11,NA
R,N,259,2025-04-23,2025-04-14,144,2025-04-14,144,2025-04-15,P-119,144,Messagers,8.43866E+11,NA
R,N,265,2025-04-25,2025-04-11,72,2025-04-11,72,2025-04-15,P-119,72,Messagers,8.43866E+11,NA
R,N,266,2025-04-25,2025-04-14,252,2025-04-14,252,2025-04-15,P-119,252,Messagers,8.43866E+11,NA
R,N,256,2025-04-16,2025-04-14,12,2025-04-14,12,2025-04-16,P-129,12,Messagers,8.43866E+11,NA
R,N,258,2025-04-22,2025-04-14,120,2025-04-14,120,2025-04-17,P-132,120,NSLC,6.28942E+11,NA
R,N,252,2025-04-11,2025-04-20,50,2025-04-20,50,2025-04-20,EX24STR040,50,Eco Canadian Organic,NA,NA
R,N,260,2025-04-23,2025-04-21,132,2025-04-21,132,2025-04-22,P-134,132,Messagers,8.43866E+11,NA
R,N,261,2025-04-23,2025-04-21,24,2025-04-21,24,2025-04-22,P-132,24,Messagers,8.43866E+11,NA
R,N,267,2025-04-25,2025-04-21,120,2025-04-21,120,2025-04-22,P-132,120,Messagers,8.43866E+11,NA
G,N,262,2025-04-24,2025-04-23,491.2,2025-04-23,491.2,2025-04-23,P-144,491.2,JointCraft Inc,NA,NA
G,N,263,2025-04-24,2025-04-24,100.1,2025-04-24,100.1,2025-04-24,P-145,100.1,JointCraft Inc,NA,NA
G,N,264,2025-04-24,2025-04-24,550,2025-04-24,550,2025-04-24,P-146,550,JointCraft Inc,NA,NA
G,N,496,2025-09-17,2025-04-24,3498.95,2025-04-24,3498.95,2025-04-24,P-140,3498.95,JointCraft Inc,NA,NA
G,N,524,2025-10-08,2025-04-24,3196.4,2025-04-24,3196.4,2025-04-24,P-145,3196.4,Aqualitas Inc. ,NA,NA
R,N,268,2025-04-25,2025-04-25,360,2025-04-25,360,2025-04-28,P-137,360,Messagers,8.43866E+11,NA
R,N,269,2025-04-25,2025-04-24,300,2025-04-24,300,2025-04-28,P-133,300,Messagers,8.43866E+11,NA
R,N,270,2025-04-30,2025-04-28,60,2025-04-28,60,2025-04-28,P-138,60,Rosebud Productions,9.90479E+11,NA
R,N,271,2025-04-30,2025-04-25,60,2025-04-25,60,2025-04-28,P-135,60,Rosebud Productions,9.90479E+11,NA
R,N,272,2025-04-30,2025-04-28,60,2025-04-28,60,2025-04-28,P-119,60,Rosebud Productions,6.28942E+11,NA
R,N,274,2025-05-01,2025-04-26,240,2025-04-26,240,2025-04-28,P-138,240,Medicibis,9.90479E+11,NA
R,N,275,2025-05-01,2025-04-27,240,2025-04-27,240,2025-04-28,P-135,240,Medicibis,9.90479E+11,NA
R,N,273,2025-04-30,2025-04-29,60,2025-04-29,60,2025-04-29,P-132,60,Rosebud Productions,9.90479E+11,NA
R,N,276,2025-05-01,2025-04-29,240,2025-04-29,240,2025-04-29,P-132,240,Medicibis,6.28942E+11,NA
R,N,285,2025-05-09,2025-04-30,396,2025-04-30,396,2025-05-02,P-135,396,Messagers,9.90479E+11,NA
R,N,286,2025-05-09,2025-05-01,360,2025-05-01,360,2025-05-02,P-138,360,Messagers,9.90479E+11,NA
R,N,287,2025-05-09,2025-04-29,198,2025-04-29,198,2025-05-02,P-138,198,Messagers,9.90479E+11,NA
R,N,288,2025-05-12,2025-05-02,210,2025-05-02,210,2025-05-02,P-135,210,Messagers,9.90479E+11,NA
R,N,289,2025-05-13,2025-04-30,60,2025-04-30,60,2025-05-02,P-135,60,NSLC,9.90479E+11,NA
R,N,290,2025-05-13,2025-05-02,150,2025-05-02,150,2025-05-02,P-138,150,NSLC,9.90479E+11,NA
R,N,292,2025-05-13,2025-05-01,60,2025-05-01,60,2025-05-02,P-135,60,NSLC,9.90479E+11,NA
R,N,293,2025-05-13,2025-05-03,150,2025-05-03,150,2025-05-02,P-138,150,NSLC,9.90479E+11,NA
R,N,307,2025-05-20,2025-05-01,12,2025-05-01,12,2025-05-02,P-138,12,Messagers,9.90479E+11,NA
R,N,310,2025-05-27,2025-05-03,160,2025-05-03,160,2025-05-02,P-135,150,Messagers,9.90479E+11,NA
R,N,282,2025-05-09,2025-05-04,360,2025-05-04,360,2025-05-05,P-143,360,Messagers,9.90479E+11,NA
R,N,283,2025-05-09,2025-05-05,360,2025-05-05,360,2025-05-05,P-143,360,Messagers,9.90479E+11,NA
R,N,284,2025-05-09,2025-05-05,36,2025-05-05,36,2025-05-05,P-143,36,Messagers,9.90479E+11,NA
R,N,306,2025-05-20,2025-05-05,36,2025-05-05,36,2025-05-05,P-143,36,Messagers,9.90479E+11,NA
R,N,277,2025-05-08,2025-05-06,12,2025-05-06,12,2025-05-08,P-138,12,Wildwood Flowr Inc.,NA,NA
R,N,278,2025-05-08,2025-05-06,12,2025-05-06,12,2025-05-08,P140,12,Wildwood Flowr Inc.,NA,NA
R,N,279,2025-05-08,2025-05-06,12,2025-05-06,12,2025-05-08,P-139,12,Wildwood Flowr Inc.,NA,NA
R,N,280,2025-05-08,2025-05-06,12,2025-05-06,12,2025-05-08,P119,12,Wildwood Flowr Inc.,NA,NA
R,N,295,2025-05-15,2025-05-06,150,2025-05-06,150,2025-05-09,P-139,150,Aqualitas Inc. ,NA,NA
R,N,296,2025-05-15,2025-05-06,150,2025-05-06,150,2025-05-09,P-119,150,Aqualitas Inc. ,NA,NA
R,N,297,2025-05-15,2025-05-06,60,2025-05-06,60,2025-05-09,P-139,60,14514181 Canada Ltd,6.28942E+11,NA
R,N,298,2025-05-15,2025-05-07,84,2025-05-07,84,2025-05-09,P-139,84,Atlantic Cultivation Ltd. ,NA,NA
R,N,291,2025-05-13,2025-05-09,120,2025-05-09,120,2025-05-12,P-140,120,NSLC,6.28942E+11,NA
R,N,294,2025-05-13,2025-05-09,120,2025-05-09,120,2025-05-12,P-140,120,NSLC,6.28942E+11,NA
R,N,299,2025-05-15,2025-05-09,150,2025-05-09,150,2025-05-12,P-135,150,Aqualitas Inc. ,NA,NA
R,N,300,2025-05-15,2025-05-12,84,2025-05-12,84,2025-05-12,P-138,84,Atlantic Cultivation Ltd. ,NA,NA
R,N,301,2025-05-15,2025-05-12,84,2025-05-12,84,2025-05-12,P-135,84,Atlantic Cultivation Ltd. ,NA,NA
R,N,302,2025-05-15,2025-05-12,84,2025-05-12,84,2025-05-12,P-132,84,Atlantic Cultivation Ltd. ,NA,NA
R,N,303,2025-05-15,2025-05-12,60,2025-05-12,60,2025-05-12,P-138,60,14514181 Canada Ltd,6.28942E+11,NA
R,N,304,2025-05-15,2025-05-12,30,2025-05-12,30,2025-05-12,P-135,30,14514181 Canada Ltd,6.28942E+11,NA
R,N,305,2025-05-15,2025-05-12,30,2025-05-12,30,2025-05-12,P-135,30,14514181 Canada Ltd,6.28942E+11,NA
R,N,331,2025-06-09,2025-05-16,30,2025-05-16,30,2025-05-16,P-136,30,BC Liquor,1.09905E+13,NA
R,N,334,2025-06-09,2025-05-19,84,2025-05-19,84,2025-05-20,P-143,84,BC Liquor,1.09905E+13,NA
R,N,308,2025-05-27,2025-05-19,300,2025-05-19,300,2025-05-23,P-143,300,Messagers,9.90479E+11,NA
R,N,309,2025-05-27,2025-05-20,150,2025-05-20,150,2025-05-23,P-138,150,Messagers,9.90479E+11,NA
R,N,313,2025-06-02,2025-05-21,306,2025-05-21,306,2025-05-23,P-143,306,Messagers,9.90479E+11,NA
R,N,311,2025-05-29,2025-05-26,240,2025-05-26,240,2025-05-28,P-138,240,NSLC,9.90479E+11,NA
R,N,312,2025-05-29,2025-05-26,60,2025-05-26,60,2025-05-28,P-132,60,NSLC,6.28942E+11,NA
R,N,317,2025-06-03,2025-05-28,1000,2025-05-28,1000,2025-05-28,P-111,1000,Medz Cannabis Inc,NA,NA
R,N,318,2025-06-03,2025-05-30,30,2025-05-30,30,2025-06-02,P-135,30,NSLC,9.90479E+11,NA
R,N,319,2025-06-03,2025-05-30,60,2025-05-30,60,2025-06-02,P-140,60,NSLC,6.28942E+11,NA
R,N,320,2025-06-03,2025-05-30,150,2025-05-30,150,2025-06-02,P-142,150,NSLC,6.28942E+11,NA
R,N,341,2025-06-12,2025-05-30,30,2025-05-30,30,2025-06-02,P-135,30,NSLC,9.90479E+11,NA
R,N,321,2025-06-03,2025-05-31,36,2025-05-31,36,2025-06-03,P-142,36,The Green Moon,9.90479E+11,NA
R,N,322,2025-06-03,2025-05-31,36,2025-05-31,36,2025-06-03,P-135,36,The Green Moon,9.90479E+11,NA
R,N,323,2025-06-03,2025-05-31,36,2025-05-31,36,2025-06-03,P138,36,The Green Moon,9.90479E+11,NA
R,N,330,2025-06-09,2025-06-01,450,2025-06-01,450,2025-06-03,P-138,450,BC Liquor,1.09905E+13,NA
R,N,332,2025-06-09,2025-05-31,132,2025-05-31,132,2025-06-03,P-136,132,BC Liquor,1.09905E+13,NA
R,N,355,2025-06-19,2025-06-02,150,2025-06-02,150,2025-06-03,P-138,150,Aqualitas Inc. ,9.90479E+11,NA
R,N,437,2025-08-11,2025-05-31,36,2025-05-31,36,2025-06-03,P-148,36,The Green Moon,9.90479E+11,NA
G,N,145,2025-02-19,2025-06-04,24,2025-06-04,24,2025-06-04,P-143,24,Optimus Cannabis Inc,9.90479E+11,NA
R,N,329,2025-06-09,2025-06-03,24,2025-06-03,24,2025-06-04,P-143,24,Optimus Cannabis Inc,9.90479E+11,NA
R,N,333,2025-06-09,2025-06-02,300,2025-06-02,300,2025-06-04,P-119,300,BC Liquor,1.09905E+13,NA
R,N,335,2025-06-09,2025-06-03,216,2025-06-03,216,2025-06-04,P-143,216,BC Liquor,1.09905E+13,NA
R,N,336,2025-06-09,2025-06-04,306,2025-06-04,306,2025-06-04,P-143,306,Messagers,9.90479E+11,NA
R,N,365,2025-06-30,2025-06-03,24,2025-06-03,24,2025-06-04,P-143,24,Optimus Cannabis Inc,9.90479E+11,NA
R,N,314,2025-06-02,2025-06-01,168,2025-06-01,168,2025-06-05,P-135,168,Messagers,9.90479E+11,NA
R,N,315,2025-06-02,2025-06-01,114,2025-06-01,114,2025-06-05,P-135,114,Messagers,9.90479E+11,NA
R,N,316,2025-06-02,2025-06-01,246,2025-06-01,246,2025-06-05,P-138,246,Messagers,9.90479E+11,NA
R,N,337,2025-06-09,2025-06-06,252,2025-06-06,252,2025-06-05,P-135,252,Messagers,9.90479E+11,NA
R,N,338,2025-06-09,2025-06-08,252,2025-06-08,252,2025-06-05,P-138,252,Messagers,9.90479E+11,NA
R,N,342,2025-06-12,2025-06-06,60,2025-06-06,60,2025-06-05,P-138,60,NSLC,9.90479E+11,NA
R,N,359,2025-06-27,2025-06-04,102,2025-06-04,102,2025-06-05,P-135,102,Messagers,9.90479E+11,NA
R,N,361,2025-06-27,2025-06-04,36,2025-06-04,36,2025-06-05,P-138,36,Messagers,9.90479E+11,NA
R,N,362,2025-06-27,2025-06-07,270,2025-06-07,270,2025-06-05,P-138,270,Messagers,9.90479E+11,NA
R,N,324,2025-06-06,2025-06-06,10,2025-06-06,10,2025-06-06,P-138,10,Eco Canadian Organic,NA,NA
R,N,325,2025-06-06,2025-06-06,10,2025-06-06,10,2025-06-06,P-135,10,Eco Canadian Organic,NA,NA
R,N,326,2025-06-06,2025-06-06,10,2025-06-06,10,2025-06-06,P-142,10,Eco Canadian Organic,NA,NA
R,N,327,2025-06-06,2025-06-06,20,2025-06-06,20,2025-06-06,P-119,20,Wildwood Flowr Inc.,NA,NA
R,N,328,2025-06-06,2025-06-06,20,2025-06-06,20,2025-06-06,P-143,20,Wildwood Flowr Inc.,NA,NA
R,N,340,2025-06-11,2025-06-10,95,2025-06-10,95,2025-06-11,P-142,95,Medicibis,6.28942E+11,NA
R,N,343,2025-06-12,2025-06-10,120,2025-06-10,120,2025-06-11,P-134,120,NSLC,6.28942E+11,NA
R,N,356,2025-06-20,2025-06-18,108,2025-06-18,108,2025-06-19,P-138,108,14514181 Canada Ltd,6.28942E+11,NA
R,N,357,2025-06-20,2025-06-19,72,2025-06-19,72,2025-06-20,P-135,72,14514181 Canada Ltd,6.28942E+11,NA
R,N,360,2025-06-27,2025-06-26,144,2025-06-26,144,2025-06-25,P-141,144,Messagers,9.90479E+11,NA
G,N,476,2025-09-03,2025-06-26,936,2025-06-26,936,2025-06-26,LJSH250106,144,Messagers,6.28942E+11,NA
G,N,477,2025-09-03,2025-06-26,420,2025-06-26,420,2025-06-26,LJSH250106,936,Messagers,6.28942E+11,NA
G,N,478,2025-09-03,2025-06-27,2058,2025-06-27,2058,2025-06-26,LJSH250106,420,Messagers,6.28942E+11,NA
G,N,350,2025-06-18,2025-06-27,1982,2025-06-27,1982,2025-06-27,LJSH250106,2058,Elevate Wellness Inc,6.28942E+11,NA
G,N,351,2025-06-18,2025-06-27,1975,2025-06-27,1975,2025-06-27,LJSH250106,1982,Elevate Wellness Inc,6.28942E+11,NA
G,N,352,2025-06-18,2025-06-27,1949,2025-06-27,1949,2025-06-27,LJSH250106,1975,Elevate Wellness Inc,6.28942E+11,NA
G,N,353,2025-06-18,2025-06-27,1836,2025-06-27,1836,2025-06-27,LJSH250106,1949,Elevate Wellness Inc,6.28942E+11,NA
G,N,354,2025-06-18,2025-06-27,6200,2025-06-27,6200,2025-06-27,LJSH250106,1836,Elevate Wellness Inc,6.28942E+11,NA
G,N,358,2025-06-25,2025-06-27,480,2025-06-27,480,2025-06-27, LJPE250107,6200,Elevate Wellness Inc,6.28942E+11,NA
G,N,407,2025-07-24,2025-06-27,500,2025-06-27,500,2025-06-27,LJSH250106,480,ABBA,6.28942E+11,NA
G,N,408,2025-07-24,2025-06-27,120,2025-06-27,120,2025-06-27,LJSH250106,500,ABBA,6.28942E+11,NA
G,N,409,2025-07-24,2025-06-27,480,2025-06-27,480,2025-06-27,LJSH250106,120,ABBA,6.28942E+11,NA
G,N,413,2025-07-24,2025-06-27,500,2025-06-27,500,2025-06-27,LJSH250106,480,ABBA,6.28942E+11,NA
G,N,414,2025-07-24,2025-06-27,120,2025-06-27,120,2025-06-27,LJSH250106,500,ABBA,6.28942E+11,NA
G,N,415,2025-07-24,2025-06-27,1020,2025-06-27,1020,2025-06-27,LJSH250106,120,ABBA,6.28942E+11,NA
G,N,438,2025-08-13,2025-06-27,1440,2025-06-27,1440,2025-06-27,LJSH250106,1020,CNB,6.28942E+11,NA
G,N,439,2025-08-13,2025-06-27,300,2025-06-27,300,2025-06-27,LJSH250106,1440,CNB,6.28942E+11,NA
G,N,448,2025-08-19,2025-06-27,696,2025-06-27,696,2025-06-27,LJPE250107,300,14514181 Canada Ltd,6.28942E+11,NA
G,N,449,2025-08-20,2025-06-27,60,2025-06-27,60,2025-06-27,LJSH250106,696,ABBA,6.28942E+11,NA
G,N,486,2025-09-08,2025-06-27,500,2025-06-27,500,2025-06-27,LJSH250106,60,PEI Cannabis Management Corp.,6.28942E+11,NA
G,N,508,2025-09-23,2025-06-27,20,2025-06-27,20,2025-06-27,LJPE250107,500,ABBA,6.28942E+11,NA
G,N,520,2025-10-02,2025-06-27,20,2025-06-27,20,2025-06-27,JLPE250107,20,Eco Canadian Organic,NA,NA
G,N,521,2025-10-02,2025-06-27,48,2025-06-27,48,2025-06-27,JLSH250106,20,Eco Canadian Organic,NA,NA
G,N,528,2025-10-14,2025-06-27,125,2025-06-27,125,2025-06-27,LJSH250106,48,Optimus Cannabis Inc,6.28942E+11,NA
G,N,530,2025-10-14,2025-06-27,125,2025-06-27,125,2025-06-27,LJPE250107,125,Stewart's Vertical Farms Inc.,NA,NA
G,N,531,2025-10-14,2025-06-27,1060,2025-06-27,1060,2025-06-27,LJSH250106,125,Stewart's Vertical Farms Inc.,NA,NA
G,N,541,2025-10-30,2025-06-27,1060,2025-06-27,1060,2025-06-27,LJSH250106,1060,ABBA,6.28942E+11,NA
G,N,487,2025-09-10,2025-06-27,90,2025-06-27,90,2025-06-28,P-142,90,NSLC,6.28942E+11,NA
R,N,488,2025-09-10,2025-06-28,90,2025-06-28,90,2025-06-29,P-151,90,NSLC,6.28942E+11,NA
R,N,144,2025-02-19,2025-06-29,36,2025-06-29,36,2025-06-30,P-119,36,Optimus Cannabis Inc,6.28942E+11,NA
G,N,146,2025-02-19,2025-06-30,60,2025-06-30,60,2025-06-30,LJSH250106,60,Optimus Cannabis Inc,6.28942E+11,NA
R,N,364,2025-06-30,2025-06-29,36,2025-06-29,36,2025-06-30,P-119,36,Optimus Cannabis Inc,6.28942E+11,NA
R,N,366,2025-06-30,2025-06-30,60,2025-06-30,60,2025-06-30,EX24STR040,60,Optimus Cannabis Inc,6.28942E+11,NA
R,N,369,2025-07-08,2025-06-30,60,2025-06-30,60,2025-06-30,EX24STR040,60,Optimus Cannabis Inc,6.28942E+11,NA
R,N,397,2025-07-16,2025-06-30,250,2025-06-30,250,2025-06-30,EX24STR040,250,Stewart's Vertical Farms Inc.,NA,NA
R,N,404,2025-07-21,2025-06-30,120,2025-06-30,120,2025-06-30,EX24STR040,120,Wildwood Flowr Inc.,NA,NA
R,N,406,2025-07-22,2025-06-30,948,2025-06-30,948,2025-06-30,EX24STR040,948,CNB,6.28942E+11,NA
R,N,367,2025-07-02,2025-06-30,300,2025-06-30,300,2025-07-02,P-141,300,NSLC,9.90479E+11,NA
R,N,368,2025-07-03,2025-07-01,300,2025-07-01,300,2025-07-03,P-126,300,Aqualitas Inc. ,6.28942E+11,NA
R,N,371,2025-07-08,2025-07-02,78,2025-07-02,78,2025-07-04,P-143,78,Messagers,9.90479E+11,NA
R,N,372,2025-07-08,2025-07-03,108,2025-07-03,108,2025-07-04,P-143,108,Messagers,9.90479E+11,NA
R,N,373,2025-07-08,2025-07-04,252,2025-07-04,252,2025-07-04,P-148,252,Messagers,9.90479E+11,NA
R,N,374,2025-07-08,2025-07-05,456,2025-07-05,456,2025-07-04,P-148,456,Messagers,9.90479E+11,NA
R,N,376,2025-07-09,2025-07-06,30,2025-07-06,30,2025-07-04,P-136,30,Messagers,9.90479E+11,NA
R,N,386,2025-07-11,2025-07-02,204,2025-07-02,204,2025-07-04,P-143,204,Messagers,9.90479E+11,NA
R,N,387,2025-07-11,2025-07-05,42,2025-07-05,42,2025-07-04,P-143,42,Messagers,9.90479E+11,NA
R,N,398,2025-07-17,2025-07-06,300,2025-07-06,300,2025-07-04,P-148,300,Messagers,9.90479E+11,NA
R,N,403,2025-07-21,2025-07-06,12,2025-07-06,12,2025-07-04,P-148,12,Wildwood Flowr Inc.,NA,NA
R,N,370,2025-07-08,2025-07-07,228,2025-07-07,228,2025-07-07,P-142,228,Messagers,9.90479E+11,NA
R,N,375,2025-07-09,2025-07-07,18,2025-07-07,18,2025-07-07,P-142,18,Messagers,9.90479E+11,NA
R,Y,385,2025-07-11,2025-07-06,108,2025-07-06,108,2025-07-07,P-142,252,Messagers,9.90479E+11,NA
R,Y,385,2025-07-11,2025-07-08,144,2025-07-08,144,2025-07-07,P-142,252,Messagers,9.90479E+11,NA
R,N,382,2025-07-10,2025-07-08,48,2025-07-08,48,2025-07-09,P-148,48,PEI Cannabis Management Corp.,6.28942E+11,NA
R,N,383,2025-07-10,2025-07-08,48,2025-07-08,48,2025-07-09,P-148,48,PEI Cannabis Management Corp.,6.28942E+11,NA
R,N,384,2025-07-10,2025-07-08,48,2025-07-08,48,2025-07-09,P-148,48,PEI Cannabis Management Corp.,6.28942E+11,NA
G,N,381,2025-07-10,2025-07-10,2000,2025-07-10,2000,2025-07-10,P-111,2000,Loosh Inc,NA,NA
R,N,388,2025-07-11,2025-07-09,12,2025-07-09,12,2025-07-10,P-133,12,Messagers,9.90479E+11,NA
R,N,390,2025-07-15,2025-07-09,82,2025-07-09,82,2025-07-10,P-142,82,Aqualitas Inc. ,9.90479E+11,NA
R,N,391,2025-07-15,2025-07-09,168,2025-07-09,168,2025-07-10,P-142,168,Aqualitas Inc. ,9.90479E+11,NA
R,N,417,2025-07-28,2025-07-09,6,2025-07-09,6,2025-07-10,P-133,6,Messagers,9.90479E+11,NA
R,N,389,2025-07-15,2025-07-11,250,2025-07-11,250,2025-07-14,P-141,250,Aqualitas Inc. ,6.28942E+11,NA
R,N,392,2025-07-15,2025-07-12,250,2025-07-12,250,2025-07-14,P-149,250,Aqualitas Inc. ,6.28942E+11,NA
R,N,393,2025-07-15,2025-07-11,97,2025-07-11,97,2025-07-14,P-119,97,Aqualitas Inc. ,6.28942E+11,NA
R,N,394,2025-07-15,2025-07-12,120,2025-07-12,120,2025-07-14,P-119,120,Aqualitas Inc. ,6.28942E+11,NA
R,N,426,2025-08-01,2025-07-13,400,2025-07-13,400,2025-07-14,P-149,400,Aqualitas Inc. ,6.28942E+11,NA
R,N,395,2025-07-16,2025-07-14,20,2025-07-14,20,2025-07-16,P-142,20,Stewart's Vertical Farms Inc.,NA,NA
R,N,396,2025-07-16,2025-07-14,150,2025-07-14,150,2025-07-16,P-149,150,Stewart's Vertical Farms Inc.,NA,NA
R,N,399,2025-07-21,2025-07-17,12,2025-07-17,12,2025-07-18,P-149,12,Wildwood Flowr Inc.,NA,NA
R,N,400,2025-07-21,2025-07-17,12,2025-07-17,12,2025-07-18,P-138,12,Wildwood Flowr Inc.,NA,NA
R,N,401,2025-07-21,2025-07-17,12,2025-07-17,12,2025-07-18,P-141,12,Wildwood Flowr Inc.,NA,NA
R,N,402,2025-07-21,2025-07-17,12,2025-07-17,12,2025-07-18,P-142,12,Wildwood Flowr Inc.,NA,NA
R,N,405,2025-07-22,2025-07-18,300,2025-07-18,300,2025-07-21,P-135,300,CNB,6.28942E+11,NA
R,N,410,2025-07-24,2025-07-21,30,2025-07-21,30,2025-07-23,P-141,30,NSLC,9.90479E+11,NA
R,N,411,2025-07-24,2025-07-21,90,2025-07-21,90,2025-07-23,P-134,90,NSLC,6.28942E+11,NA
R,N,412,2025-07-24,2025-07-21,60,2025-07-21,60,2025-07-23,P-142,60,NSLC,6.28942E+11,NA
R,N,430,2025-08-07,2025-07-21,84,2025-07-21,84,2025-07-23,P-134,84,NSLC,6.28942E+11,NA
R,N,433,2025-08-07,2025-07-21,60,2025-07-21,60,2025-07-23,P-142,60,NSLC,6.28942E+11,NA
R,N,434,2025-08-07,2025-07-21,30,2025-07-21,30,2025-07-23,P-141,30,NSLC,9.90479E+11,NA
R,N,416,2025-07-25,2025-07-22,50,2025-07-22,50,2025-07-24,P-138,50,Messagers,9.90479E+11,NA
R,N,419,2025-07-31,2025-07-25,264,2025-07-25,264,2025-07-28,P-132,264,Aqualitas Inc. ,9.90479E+11,NA
R,N,420,2025-07-31,2025-07-25,54,2025-07-25,54,2025-07-28,P-132,54,Aqualitas Inc. ,9.90479E+11,NA
R,N,418,2025-07-31,2025-07-28,111,2025-07-28,111,2025-07-29,P-126,111,Aqualitas Inc. ,6.28942E+11,NA
R,N,421,2025-07-31,2025-07-28,45,2025-07-28,45,2025-07-29,P-94,45,Aqualitas Inc. ,9.90479E+11,NA
R,N,422,2025-07-31,2025-07-29,60,2025-07-29,60,2025-07-31,P-142,60,14514181 Canada Ltd,6.28942E+11,NA
R,N,423,2025-07-31,2025-07-29,36,2025-07-29,36,2025-07-31,P-148,36,14514181 Canada Ltd,6.28942E+11,NA
R,N,424,2025-07-31,2025-07-29,36,2025-07-29,36,2025-07-31,P-134,36,14514181 Canada Ltd,6.28942E+11,NA
R,N,425,2025-07-31,2025-07-29,48,2025-07-29,48,2025-07-31,P-141,48,Messagers,9.90479E+11,NA
R,N,446,2025-08-19,2025-07-29,90,2025-07-29,90,2025-07-31,P-142,90,14514181 Canada Ltd,6.28942E+11,NA
R,N,427,2025-08-06,2025-08-01,246,2025-08-01,246,2025-08-05,P-143,246,Messagers,9.90479E+11,NA
R,N,428,2025-08-06,2025-08-02,30,2025-08-02,30,2025-08-05,P-141,30,Messagers,9.90479E+11,NA
R,N,429,2025-08-06,2025-08-02,120,2025-08-02,120,2025-08-05,P-141,120,Messagers,9.90479E+11,NA
R,N,440,2025-08-14,2025-08-02,150,2025-08-02,150,2025-08-05,P-141,150,Messagers,9.90479E+11,NA
R,N,431,2025-08-07,2025-08-04,36,2025-08-04,36,2025-08-06,P-148,36,NSLC,6.28942E+11,NA
R,N,432,2025-08-07,2025-08-04,180,2025-08-04,180,2025-08-06,P-138,180,NSLC,9.90479E+11,NA
R,N,435,2025-08-11,2025-08-05,150,2025-08-05,150,2025-08-08,P-148,150,Medicibis,9.90479E+11,NA
R,N,436,2025-08-11,2025-08-05,100,2025-08-05,100,2025-08-08,P-142,100,Medicibis,6.28942E+11,NA
R,N,441,2025-08-14,2025-08-08,72,2025-08-08,72,2025-08-11,P-138,72,Messagers,9.90479E+11,NA
R,N,442,2025-08-14,2025-08-11,42,2025-08-11,42,2025-08-12,P-142,42,Messagers,9.90479E+11,NA
R,N,443,2025-08-15,2025-08-11,50,2025-08-11,50,2025-08-15,P-149,50,Wildwood Flowr Inc.,NA,NA
R,N,444,2025-08-19,2025-08-11,90,2025-08-11,90,2025-08-15,P-141,90,14514181 Canada Ltd,6.28942E+11,NA
R,N,445,2025-08-19,2025-08-11,90,2025-08-11,90,2025-08-15,P-138,90,14514181 Canada Ltd,6.28942E+11,NA
R,N,447,2025-08-19,2025-08-11,120,2025-08-11,120,2025-08-15,P-149,120,14514181 Canada Ltd,6.28942E+11,NA
R,Y,480,2025-09-05,2025-08-14,450,2025-08-14,450,2025-08-15,P-141,858,BC Liquor,1.09905E+13,NA
R,Y,480,2025-09-05,2025-08-15,408,2025-08-15,408,2025-08-15,P-141,858,BC Liquor,1.09905E+13,NA
R,Y,480,2025-09-05,2025-08-16,450,2025-08-16,450,2025-08-15,P-141,858,BC Liquor,1.09905E+13,
R,Y,480,2025-09-05,2025-08-17,408,2025-08-17,408,2025-08-15,P-141,858,BC Liquor,1.09905E+13,
R,N,452,2025-08-26,2025-08-19,21,2025-08-19,21,2025-08-20,P-88,21,The Green Moon,9.90479E+11,NA
G,N,497,2025-09-17,2025-08-20,739.54,2025-08-20,739.54,2025-08-20,P-151,739.54,JointCraft Inc,NA,NA
R,N,451,2025-08-25,2025-08-21,324,2025-08-21,324,2025-08-25,P-151,324,Messagers,9.90479E+11,NA
R,N,464,2025-08-28,2025-08-21,24,2025-08-21,24,2025-08-25,P-151,24,Messagers,9.90479E+11,NA
R,N,493,2025-09-12,2025-08-21,90,2025-08-21,90,2025-08-25,P-151,90,Messagers,9.90479E+11,NA
R,N,501,2025-09-17,2025-08-22,210,2025-08-22,210,2025-08-25,P-151,210,Messagers,9.90479E+11,NA
R,N,453,2025-08-26,2025-08-22,36,2025-08-22,36,2025-08-26,P-151,36,The Green Moon,9.90479E+11,NA
R,N,454,2025-08-26,2025-08-22,20,2025-08-22,20,2025-08-26,P-142,20,Wildwood Flowr Inc.,NA,NA
R,N,455,2025-08-26,2025-08-22,20,2025-08-22,20,2025-08-26,P-151,20,Wildwood Flowr Inc.,NA,NA
R,N,456,2025-08-26,2025-08-22,30,2025-08-22,30,2025-08-26,P-152,30,Wildwood Flowr Inc.,NA,NA
R,N,459,2025-08-27,2025-08-22,36,2025-08-22,36,2025-08-26,P-151,36,Optimus Cannabis Inc,9.90479E+11,NA
R,N,462,2025-08-27,2025-08-22,24,2025-08-22,24,2025-08-26,P-142,24,Optimus Cannabis Inc,9.90479E+11,NA
R,N,457,2025-08-26,2025-08-25,80,2025-08-25,80,2025-08-27,LJPE250107,80,Wildwood Flowr Inc.,NA,NA
R,N,458,2025-08-26,2025-08-25,80,2025-08-25,80,2025-08-27,LJSH250106,80,Wildwood Flowr Inc.,NA,NA
R,N,460,2025-08-27,2025-08-25,24,2025-08-25,24,2025-08-27,P-149,24,Optimus Cannabis Inc,9.90479E+11,NA
R,N,461,2025-08-27,2025-08-25,24,2025-08-25,24,2025-08-27,P-141,24,Optimus Cannabis Inc,9.90479E+11,NA
R,N,463,2025-08-27,2025-08-25,24,2025-08-25,24,2025-08-27,P-138,24,Optimus Cannabis Inc,9.90479E+11,NA
R,N,465,2025-08-28,2025-08-25,60,2025-08-25,60,2025-08-27,P-141,60,NSLC,9.90479E+11,NA
R,N,466,2025-08-28,2025-08-25,60,2025-08-25,60,2025-08-27,P-138,60,NSLC,9.90479E+11,NA
G,N,471,2025-09-02,2025-08-27,240,2025-08-27,240,2025-08-27,LJSH250106,240,Medicibis,6.28942E+11,NA
G,N,472,2025-09-02,2025-08-27,160,2025-08-27,160,2025-08-27,LJPE250107,160,Medicibis,6.28942E+11,NA
G,N,473,2025-09-02,2025-08-27,200,2025-08-27,200,2025-08-27,LJPE250107,200,Medicibis,6.28942E+11,NA
R,N,467,2025-08-28,2025-08-26,30,2025-08-26,30,2025-08-28,P-142,30,NSLC,6.28942E+11,NA
R,N,468,2025-08-28,2025-08-26,30,2025-08-26,30,2025-08-28,P-148,30,NSLC,6.28942E+11,NA
R,N,469,2025-09-02,2025-08-26,93,2025-08-26,93,2025-08-28,P-148,93,Medicibis,9.90479E+11,NA
R,N,482,2025-09-05,2025-08-27,420,2025-08-27,420,2025-08-28,P-151,420,BC Liquor,1.09905E+13,NA
R,N,470,2025-09-02,2025-08-28,200,2025-08-28,200,2025-08-29,P-151,200,Medicibis,6.28942E+11,NA
R,N,474,2025-09-02,2025-08-30,150,2025-08-30,150,2025-08-29,P-149,150,Medicibis,6.28942E+11,NA
R,N,475,2025-09-03,2025-08-29,360,2025-08-29,360,2025-08-29,P-149,360,Messagers,6.28942E+11,NA
R,N,483,2025-09-08,2025-08-28,102,2025-08-28,102,2025-08-29,P-151,102,14514181 Canada Ltd,6.28942E+11,NA
R,N,514,2025-10-01,2025-08-28,24,2025-08-28,24,2025-08-29,P-149,24,Messagers,6.28942E+11,NA
R,N,515,2025-10-01,2025-08-29,360,2025-08-29,360,2025-08-29,P-149,360,Messagers,6.28942E+11,NA
R,N,516,2025-10-01,2025-08-28,78,2025-08-28,78,2025-08-29,P-149,78,Messagers,6.28942E+11,NA
R,N,479,2025-09-04,2025-09-01,200,2025-09-01,200,2025-09-02,P-152,200,Medicibis,6.28942E+11,NA
R,Y,481,2025-09-05,2025-09-01,200,2025-09-01,200,2025-09-03,P-141,642,BC Liquor,1.09905E+13,NA
R,Y,481,2025-09-05,2025-09-02,442,2025-09-02,442,2025-09-03,P-141,642,BC Liquor,1.09905E+13,
R,N,484,2025-09-08,2025-09-04,48,2025-09-04,48,2025-09-08,P-151,48,PEI Cannabis Management Corp.,6.28942E+11,NA
R,N,485,2025-09-08,2025-09-04,36,2025-09-04,36,2025-09-08,P-142,36,PEI Cannabis Management Corp.,6.28942E+11,NA
R,N,498,2025-09-17,2025-09-04,90,2025-09-04,90,2025-09-08,P-142,90,Messagers,9.90479E+11,NA
R,N,499,2025-09-17,2025-09-05,84,2025-09-05,84,2025-09-08,P-138,84,Messagers,9.90479E+11,NA
R,N,500,2025-09-17,2025-09-04,54,2025-09-04,54,2025-09-08,P-141,54,Messagers,9.90479E+11,NA
R,N,504,2025-09-18,2025-09-05,66,2025-09-05,66,2025-09-08,P-138,66,Messagers,9.90479E+11,NA
R,N,505,2025-09-18,2025-09-04,24,2025-09-04,24,2025-09-08,P-142,24,Messagers,9.90479E+11,NA
R,N,517,2025-10-01,2025-09-05,156,2025-09-05,156,2025-09-08,P-141,156,Messagers,9.90479E+11,NA
R,N,518,2025-10-01,2025-09-04,102,2025-09-04,102,2025-09-08,P-142,102,Messagers,9.90479E+11,NA
R,N,519,2025-10-01,2025-09-05,84,2025-09-05,84,2025-09-08,P-138,84,Messagers,9.90479E+11,NA
R,N,489,2025-09-11,2025-09-08,120,2025-09-08,120,2025-09-10,P-138,120,Atlantic Cultivation Ltd. ,NA,NA
R,N,490,2025-09-11,2025-09-09,120,2025-09-09,120,2025-09-10,P-141,120,Atlantic Cultivation Ltd. ,NA,NA
R,N,491,2025-09-11,2025-09-09,120,2025-09-09,120,2025-09-10,P-151,120,Atlantic Cultivation Ltd. ,NA,NA
R,N,492,2025-09-11,2025-09-09,120,2025-09-09,120,2025-09-10,P-142,120,Atlantic Cultivation Ltd. ,NA,NA
R,N,513,2025-09-24,2025-09-08,30,2025-09-08,30,2025-09-10,P-138,30,NSLC,9.90479E+11,NA
R,Y,494,2025-09-16,2025-09-10,450,2025-09-10,450,2025-09-12,P-152,480,Aqualitas Inc. ,6.28942E+11,NA
R,Y,494,2025-09-16,2025-09-11,30,2025-09-11,30,2025-09-12,P-152,480,Aqualitas Inc. ,6.28942E+11,
R,N,495,2025-09-16,2025-09-11,320,2025-09-11,320,2025-09-12,P-152,320,Aqualitas Inc. ,6.28942E+11,NA
R,N,529,2025-10-14,2025-09-11,24,2025-09-11,24,2025-09-12,P-152,24,Optimus Cannabis Inc,6.28942E+11,NA
R,N,502,2025-09-18,2025-09-15,384,2025-09-15,384,2025-09-17,P-151,384,Messagers,9.90479E+11,NA
R,N,503,2025-09-18,2025-09-15,6,2025-09-15,6,2025-09-17,P-151,6,Messagers,9.90479E+11,NA
R,N,510,2025-09-24,2025-09-16,306,2025-09-16,306,2025-09-17,P-151,306,Messagers,9.90479E+11,NA
R,N,506,2025-09-22,2025-09-15,12,2025-09-15,12,2025-09-18,P-142,12,Enigma Farms Inc.,NA,NA
R,N,507,2025-09-22,2025-09-15,12,2025-09-15,12,2025-09-18,P-138,12,Enigma Farms Inc.,NA,NA
R,N,509,2025-09-23,2025-09-18,150,2025-09-18,150,2025-09-19,P-149,150,ABBA,9.90479E+11,NA
R,N,511,2025-09-24,2025-09-22,90,2025-09-22,90,2025-09-23,P-142,90,NSLC,6.28942E+11,NA
R,N,512,2025-09-24,2025-09-22,210,2025-09-22,210,2025-09-23,P-151,210,NSLC,6.28942E+11,NA
G,N,525,2025-10-08,2025-09-29,443.06,2025-09-29,443.06,2025-09-29,P-153,443.06,Aqualitas Inc. ,NA,NA
R,N,522,2025-10-02,2025-10-01,10,2025-10-01,10,2025-10-02,P-135,10,Eco Canadian Organic,NA,NA
R,N,523,2025-10-02,2025-10-01,10,2025-10-01,10,2025-10-02,P-142,10,Eco Canadian Organic,NA,NA
R,N,526,2025-10-14,2025-10-07,24,2025-10-07,24,2025-10-10,P-141,24,Optimus Cannabis Inc,9.90479E+11,NA
R,N,527,2025-10-14,2025-10-07,24,2025-10-07,24,2025-10-10,P-142,24,Optimus Cannabis Inc,9.90479E+11,NA
R,N,532,2025-10-17,2025-10-10,252,2025-10-10,252,2025-10-14,P-152,252,CNB,6.28942E+11,NA
R,N,533,2025-10-17,2025-10-13,348,2025-10-13,348,2025-10-14,P-152,348,CNB,6.28942E+11,NA
R,N,534,2025-10-23,2025-10-16,288,2025-10-16,288,2025-10-20,P-142,288,CNB,9.90479E+11,NA
R,N,535,2025-10-23,2025-10-17,312,2025-10-17,312,2025-10-20,P-142,312,CNB,9.90479E+11,NA
R,N,536,2025-10-27,2025-10-21,150,2025-10-21,150,2025-10-24,P-141,150,Messagers,9.90479E+11,NA
R,N,537,2025-10-27,2025-10-21,150,2025-10-21,150,2025-10-24,P-141,150,Messagers,9.90479E+11,NA
R,N,538,2025-10-27,2025-10-24,20,2025-10-24,20,2025-10-27,P-142,20,Wildwood Flowr Inc.,NA,NA
R,N,539,2025-10-27,2025-10-24,20,2025-10-24,20,2025-10-27,P-152,20,Wildwood Flowr Inc.,NA,NA
R,N,540,2025-10-27,2025-10-24,40,2025-10-24,40,2025-10-27,P-149,40,Wildwood Flowr Inc.,NA,NA
R,N,542,2025-10-31,2025-10-27,288,2025-10-27,288,2025-10-29,P-154,288,NSLC,9.90479E+11,NA
R,N,543,2025-10-31,2025-10-27,162,2025-10-27,162,2025-10-29,P-154,162,NSLC,9.90479E+11,NA
R,N,544,2025-11-04,2025-10-28,240,2025-10-28,240,2025-10-31,P-154,240,CNB,6.28942E+11,NA
R,N,545,2025-11-04,2025-10-29,120,2025-10-29,120,2025-11-03,P-154,120,CNB,9.90479E+11,NA
R,N,546,2025-11-04,2025-10-30,240,2025-10-30,240,2025-11-03,P-154,240,CNB,9.90479E+11,NA
R,N,547,2025-11-04,2025-10-31,240,2025-10-31,240,2025-11-03,P-154,240,CNB,9.90479E+11,NA
R,N,551,2025-11-05,2025-11-03,48,2025-11-03,48,2025-11-03,P-154,48,The Green Moon,9.90479E+11,NA
R,N,548,2025-11-05,2025-11-03,36,2025-11-03,36,2025-11-04,P-142,36,The Green Moon,9.90479E+11,NA
R,N,549,2025-11-05,2025-11-03,36,2025-11-03,36,2025-11-04,P-141,36,The Green Moon,9.90479E+11,NA
R,N,550,2025-11-05,2025-11-03,36,2025-11-03,36,2025-11-04,P-132,36,The Green Moon,9.90479E+11,NA
G,N,552,2025-11-06,2025-11-03,60,2025-11-03,60,2025-11-06,P-162,60,JointCraft Inc,NA,NA
G,Y,553,2025-11-06,2025-11-04,270,2025-11-04,270,2025-11-06,P-162,470,JointCraft Inc,NA,NA
G,Y,553,2025-11-06,2025-11-05,200,2025-11-05,200,2025-11-06,P-162,470,JointCraft Inc,NA,NA
G,Y,554,2025-11-06,2025-11-05,200,2025-11-05,200,2025-11-06,P-162,470,JointCraft Inc,NA,
G,Y,554,2025-11-06,2025-11-06,270,2025-11-06,270,2025-11-06,P-162,470,JointCraft Inc,NA,
G,N,92,2025-01-28,2025-01-28,124,2025-01-28,124,2025-01-28, PROD-388   ,124,Canadian Heritage Cannabis Corp.,NA,NA
G,N,93,2025-01-28,2025-01-28,146,2025-01-28,146,2025-01-28,PROD-389,146,Canadian Heritage Cannabis Corp.,NA,NA
G,N,94,2025-01-28,2025-01-28,70,2025-01-28,70,2025-01-28,PROD-389,70,Canadian Heritage Cannabis Corp.,NA,NA
G,N,113,2025-02-06,2025-02-06,190,2025-02-06,190,2025-02-06,PROD-391,190,Andrew Robinson,NA,NA
G,N,114,2025-02-06,2025-02-06,26,2025-02-06,26,2025-02-06,PROD-392,26,Andrew Robinson,NA,NA
G,N,115,2025-02-06,2025-02-06,30,2025-02-06,30,2025-02-06,PROD-393,30,Andrew Robinson,NA,NA
G,N,116,2025-02-06,2025-02-06,45,2025-02-06,45,2025-02-06,PROD-394,45,Andrew Robinson,NA,NA
G,N,117,2025-02-06,2025-02-06,34,2025-02-06,34,2025-02-06,PROD-395,34,Andrew Robinson,NA,NA
G,N,118,2025-02-06,2025-02-06,50,2025-02-06,50,2025-02-06,PROD-396,50,Andrew Robinson,NA,NA
G,N,119,2025-02-06,2025-02-06,40,2025-02-06,40,2025-02-06,PROD-397,40,Andrew Robinson,NA,NA
G,N,120,2025-02-06,2025-02-06,46,2025-02-06,46,2025-02-06,PROD-398,46,Andrew Robinson,NA,NA
G,N,121,2025-02-06,2025-02-06,39,2025-02-06,39,2025-02-06,PROD-399,39,Andrew Robinson,NA,NA
G,N,122,2025-02-06,2025-02-06,26,2025-02-06,26,2025-02-06,PROD-400,26,Andrew Robinson,NA,NA
G,N,164,2025-02-26,2025-02-26,1200,2025-02-26,1200,2025-02-26,EX24STR040,1200,CNB,6.28942E+11,NA
G,N,165,2025-02-26,2025-02-26,1200,2025-02-26,1200,2025-02-26,EX24STR040,1200,CNB,6.28942E+11,NA
G,N,177,2025-03-06,2025-03-06,167,2025-03-06,167,2025-03-06,PROD-410,167,Andrew Robinson,NA,NA
G,N,178,2025-03-06,2025-03-06,39,2025-03-06,39,2025-03-06,PROD-414,39,Andrew Robinson,NA,NA
G,N,179,2025-03-06,2025-03-06,25,2025-03-06,25,2025-03-06,PROD-412,25,Andrew Robinson,NA,NA
G,N,180,2025-03-06,2025-03-06,117,2025-03-06,117,2025-03-06,PROD-411,117,Andrew Robinson,NA,NA
G,N,181,2025-03-06,2025-03-06,40,2025-03-06,40,2025-03-06,PROD-413,40,Andrew Robinson,NA,NA
G,N,182,2025-03-06,2025-03-06,25,2025-03-06,25,2025-03-06,PROD-417,25,Andrew Robinson,NA,NA
G,N,183,2025-03-06,2025-03-06,65,2025-03-06,65,2025-03-06,PROD-416,65,Andrew Robinson,NA,NA
G,N,184,2025-03-06,2025-03-06,1000,2025-03-06,1000,2025-03-06,LJSH250106,1000,Abba Medix Corp,6.28942E+11,NA
G,N,185,2025-03-06,2025-03-06,700,2025-03-06,700,2025-03-06,LJSH250106,700,Abba Medix Corp,6.28942E+11,NA
G,N,190,2025-03-10,2025-03-10,5,2025-03-10,5,2025-03-10,P-087,5,Loosh Inc,NA,NA
G,N,209,2025-03-19,2025-03-19,980,2025-03-19,980,2025-03-19,P-087,980,Loosh Inc,NA,NA
G,N,250,2025-04-10,2025-04-10,2000,2025-04-10,2000,2025-04-10,P-111,2000,Loosh Inc,NA,NA
G,N,253,2025-04-15,2025-04-15,40,2025-04-15,40,2025-04-15,Mac B 005,40,Atlantic Cultivation Ltd.,NA,NA
R,N,344,2025-06-17,2025-06-17,43,2025-06-17,43,2025-06-17,PROD-473,43,Andrew Robinson,NA,NA
R,N,345,2025-06-17,2025-06-17,81,2025-06-17,81,2025-06-17,PROD-499,81,Andrew Robinson,NA,NA
R,N,346,2025-06-17,2025-06-17,36,2025-06-17,36,2025-06-17,PROD-474,36,Andrew Robinson,NA,NA
R,N,347,2025-06-17,2025-06-17,32,2025-06-17,32,2025-06-17,PROD-430,32,Andrew Robinson,NA,NA
R,N,348,2025-06-17,2025-06-17,14,2025-06-17,14,2025-06-17,PROD-456,14,Andrew Robinson,NA,NA
R,N,349,2025-06-17,2025-06-17,17,2025-06-17,17,2025-06-17,PROD-457,17,Andrew Robinson,NA,NA
G,N,363,2025-06-30,2025-06-30,10.21,2025-06-30,10.21,2025-06-30,P-111,10.21,JNS Industries,NA,NA
G,N,450,2025-08-25,2025-08-25,3489.13,2025-08-25,3489.13,2025-08-25,P-111,3489.13,Aqualitas Inc. ,NA,NA
